{
  "Version": "1.0",
  "OrgId": 224166,
  "ClientId": "bbcda7e8-215f-480d-a944-0c9c11c4d02b",
  "ClientName": "LEFOULON",
  "FarmId": "7e6aed04-e8e8-4707-b7f5-238c911d8087",
  "FarmName": "Godardiere",
  "FieldId": "5703d9af-0000-1000-7fe1-e1e1e1443c20",
  "FieldName": "verger 3",
  "FieldOperationId": "09522bd7-2d0d-4091-8e96-18328d6a7f7b",
  "Operation": "Harvest",
  "CropSeason": 2024,
  "CropId": 187,
  "CropToken": "UNSPECIFIED_CROP",
  "CropName": "Unspecified",
  "Work": {
    "WorkPlanId": "00000000-0000-0000-0000-000000000000",
    "WorkOrder": ""
  },
  "Product": {
    "ProductId": "00000000-0000-0000-0000-000000000000",
    "ProductName": "---",
    "BrandName": "---",
    "TankMix": false
  },
  "FieldOperationStartDate": "2024-04-16T09:41:57.204Z",
  "FileCreatedTimeStamp": "2024-04-19T13:34:52.7498576Z",
  "DataAttributes": [
    {
      "Name": "DISTANCE",
      "Unit": "m",
      "Description": "Distance Travelled From Previous Point"
    },
    {
      "Name": "SWATHWIDTH",
      "Unit": "m",
      "Description": "Width Of Element"
    },
    {
      "Name": "SECTIONID",
      "Description": "Element Id"
    },
    {
      "Name": "Crop",
      "Description": "CropId"
    },
    {
      "Name": "Time",
      "Description": "Timestamp"
    },
    {
      "Name": "Heading",
      "Description": "Machine Heading"
    },
    {
      "Name": "VARIETY",
      "Description": "Variety Name"
    },
    {
      "Name": "Elevation",
      "Unit": "m",
      "Description": "Elevation"
    },
    {
      "Name": "IsoTime",
      "Description": "Precise Timestamp"
    },
    {
      "Name": "Machine",
      "Description": "Index into the MachineUsage map, or 0 if no information exists"
    },
    {
      "Name": "FUEL",
      "Unit": "l",
      "Description": "Fuel"
    },
    {
      "Name": "VEHICLSPEED",
      "Unit": "km1hr-1",
      "Description": "Vehicle Speed"
    }
  ],
  "MachineUsage": {
    "1": {
      "MachineId": "7325ab2f-ee57-bf5c-ecde-bae59999eb02",
      "MachineSerial": "1L06100MCNP137247",
      "OperatorId": "ca6cc53a-4d40-42d7-a002-c1346b133416",
      "OperatorName": "Olivier"
    }
  },
  "Implements": [
    {
      "ImplementId": "3631cf12-96b5-4ecc-b616-6726be449c29",
      "ImplementSerialNumber": ""
    }
  ],
  "Products": [
    {
      "ProductId": "00000000-0000-0000-0000-000000000000",
      "ProductName": "---",
      "BrandName": "---",
      "TankMix": false
    }
  ]
}